{
    "f1_score": 0.8297872340425532,
    "auc_pr": 0.7972843396791326
}